,Survived,Pclass,Sex,Age,Fare,Embarked,FamilyGroup,Type of Ticket,Title,Type of Cabin,AgeGroup
0,0.0,3.0,male,22.0,7.25,S,1.0,A/,Mr,Unknown,Adult
1,1.0,1.0,female,38.0,71.2833,C,1.0,PC,Mrs,C,Middle-aged
2,1.0,3.0,female,26.0,7.925000000000001,S,0.0,STON/O.,Miss,Unknown,Adult
3,1.0,1.0,female,35.0,53.1,S,1.0,Numeric,Mrs,C,Middle-aged
4,0.0,3.0,male,35.0,8.05,S,0.0,Numeric,Mr,Unknown,Middle-aged
5,0.0,3.0,male,47.8,8.458300000000001,Q,0.0,Numeric,Mr,Unknown,Middle-aged
6,0.0,1.0,male,54.0,51.8625,S,0.0,Numeric,Mr,E,Senior
7,0.0,3.0,male,2.0,21.075,S,4.0,Numeric,Master,Unknown,Child
8,1.0,3.0,female,27.0,11.133299999999998,S,2.0,Numeric,Mrs,Unknown,Adult
9,1.0,2.0,female,14.000000000000002,30.0708,C,1.0,Numeric,Mrs,Unknown,Teen
10,1.0,3.0,female,4.0,16.7,S,2.0,PP,Miss,G,Child
11,1.0,1.0,female,58.0,26.55,S,0.0,Numeric,Miss,C,Senior
12,0.0,3.0,male,20.0,8.05,S,0.0,A/.,Mr,Unknown,Adult
13,0.0,3.0,male,39.0,31.275,S,6.0,Numeric,Mr,Unknown,Middle-aged
14,0.0,3.0,female,14.000000000000002,7.854199999999999,S,0.0,Numeric,Miss,Unknown,Teen
15,1.0,2.0,female,55.0,16.0,S,0.0,Numeric,Mrs,Unknown,Senior
16,0.0,3.0,male,2.0,29.125,Q,5.0,Numeric,Master,Unknown,Child
17,1.0,2.0,male,32.8,13.0,S,0.0,Numeric,Mr,Unknown,Middle-aged
18,0.0,3.0,female,31.0,18.0,S,1.0,Numeric,Mrs,Unknown,Middle-aged
19,1.0,3.0,female,22.0,7.225000000000005,C,0.0,Numeric,Mrs,Unknown,Adult
20,0.0,2.0,male,35.0,26.0,S,0.0,Numeric,Mr,Unknown,Middle-aged
21,1.0,2.0,male,34.0,13.0,S,0.0,Numeric,Mr,C,Middle-aged
22,1.0,3.0,female,15.0,8.0292,Q,0.0,Numeric,Miss,Unknown,Teen
23,1.0,1.0,male,28.0,35.5,S,0.0,Numeric,Mr,A,Adult
24,0.0,3.0,female,8.0,21.075,S,4.0,Numeric,Miss,Unknown,Child
25,1.0,3.0,female,38.0,31.3875,S,6.0,Numeric,Mrs,Unknown,Middle-aged
26,0.0,3.0,male,33.8,7.225000000000005,C,0.0,Numeric,Mr,Unknown,Middle-aged
27,0.0,1.0,male,19.0,263.00000000000006,S,5.0,Numeric,Mr,C,Adult
28,1.0,3.0,female,17.6,7.879200000000001,Q,0.0,Numeric,Miss,Unknown,Teen
29,0.0,3.0,male,29.0,7.895800000000001,S,0.0,Numeric,Mr,Unknown,Adult
30,0.0,1.0,male,40.0,27.7208,C,0.0,PC,Rare,Unknown,Middle-aged
31,1.0,1.0,female,34.2,146.5208,C,1.0,PC,Mrs,B,Middle-aged
32,1.0,3.0,female,17.6,7.75,Q,0.0,Numeric,Miss,Unknown,Teen
33,0.0,2.0,male,66.0,10.5,S,0.0,C.A.,Mr,Unknown,Senior
34,0.0,1.0,male,28.0,82.1708,C,1.0,PC,Mr,Unknown,Adult
35,0.0,1.0,male,42.0,52.0,S,1.0,Numeric,Mr,Unknown,Middle-aged
36,1.0,3.0,male,23.4,7.229199999999999,C,0.0,Numeric,Mr,Unknown,Adult
37,0.0,3.0,male,21.0,8.05,S,0.0,A./.,Mr,Unknown,Adult
38,0.0,3.0,female,18.0,18.0,S,2.0,Numeric,Miss,Unknown,Teen
39,1.0,3.0,female,14.000000000000002,11.241700000000002,C,1.0,Numeric,Miss,Unknown,Teen
40,0.0,3.0,female,40.0,9.475000000000001,S,1.0,Numeric,Mrs,Unknown,Middle-aged
41,0.0,2.0,female,27.0,21.0,S,1.0,Numeric,Mrs,Unknown,Adult
42,0.0,3.0,male,28.4,7.895800000000001,C,0.0,Numeric,Mr,Unknown,Adult
43,1.0,2.0,female,3.0,41.5792,C,3.0,SC/Paris,Miss,Unknown,Child
44,1.0,3.0,female,19.0,7.879200000000001,Q,0.0,Numeric,Miss,Unknown,Adult
45,0.0,3.0,male,33.4,8.05,S,0.0,S.C./A..,Mr,Unknown,Middle-aged
46,0.0,3.0,male,41.7,15.5,Q,1.0,Numeric,Mr,Unknown,Middle-aged
47,1.0,3.0,female,17.6,7.75,Q,0.0,Numeric,Miss,Unknown,Teen
48,0.0,3.0,male,19.200000000000003,21.6792,C,2.0,Numeric,Mr,Unknown,Adult
49,0.0,3.0,female,18.0,17.799999999999997,S,1.0,Numeric,Mrs,Unknown,Teen
50,0.0,3.0,male,7.0,39.6875,S,5.0,Numeric,Master,Unknown,Child
51,0.0,3.0,male,21.0,7.800000000000001,S,0.0,A/.,Mr,Unknown,Adult
52,1.0,1.0,female,49.0,76.7292,C,1.0,PC,Mrs,C,Middle-aged
53,1.0,2.0,female,29.0,26.0,S,1.0,Numeric,Mrs,Unknown,Adult
54,0.0,1.0,male,65.0,61.9792,C,1.0,Numeric,Mr,B,Senior
55,1.0,1.0,male,45.2,35.5,S,0.0,Numeric,Mr,C,Middle-aged
56,1.0,2.0,female,21.0,10.5,S,0.0,C.A.,Miss,Unknown,Adult
57,0.0,3.0,male,28.5,7.229199999999999,C,0.0,Numeric,Mr,Unknown,Adult
58,1.0,2.0,female,5.0,27.75,S,3.0,C.A.,Miss,Unknown,Child
59,0.0,3.0,male,11.0,46.9,S,7.0,CA,Master,Unknown,Teen
60,0.0,3.0,male,22.0,7.229199999999999,C,0.0,Numeric,Mr,Unknown,Adult
61,1.0,1.0,female,38.0,80.0,S,0.0,Numeric,Miss,B,Middle-aged
62,0.0,1.0,male,45.0,83.475,S,1.0,Numeric,Mr,C,Middle-aged
63,0.0,3.0,male,4.0,27.9,S,5.0,Numeric,Master,Unknown,Child
64,0.0,1.0,male,42.5,27.7208,C,0.0,PC,Mr,Unknown,Middle-aged
65,1.0,3.0,male,3.6839999999999975,15.2458,C,2.0,Numeric,Master,Unknown,Child
66,1.0,2.0,female,29.0,10.5,S,0.0,C.A.,Mrs,F,Adult
67,0.0,3.0,male,19.0,8.1583,S,0.0,S.P.,Mr,Unknown,Adult
68,1.0,3.0,female,17.0,7.925000000000001,S,6.0,Numeric,Miss,Unknown,Teen
69,0.0,3.0,male,26.0,8.662500000000001,S,2.0,Numeric,Mr,Unknown,Adult
70,0.0,2.0,male,32.0,10.5,S,0.0,C.A.,Mr,Unknown,Middle-aged
71,0.0,3.0,female,16.0,46.9,S,7.0,CA,Miss,Unknown,Teen
72,0.0,2.0,male,21.0,73.5,S,0.0,S.O.C.,Mr,Unknown,Adult
73,0.0,3.0,male,26.0,14.4542,C,1.0,Numeric,Mr,Unknown,Adult
74,1.0,3.0,male,32.0,56.4958,S,0.0,Numeric,Mr,Unknown,Middle-aged
75,0.0,3.0,male,25.0,7.649999999999999,S,0.0,Numeric,Mr,F,Adult
76,0.0,3.0,male,29.0,7.895800000000001,S,0.0,Numeric,Mr,Unknown,Adult
77,0.0,3.0,male,38.0,8.05,S,0.0,Numeric,Mr,Unknown,Middle-aged
78,1.0,2.0,male,0.8299999999999983,29.0,S,2.0,Numeric,Master,Unknown,Child
79,1.0,3.0,female,30.0,12.475000000000001,S,0.0,Numeric,Miss,Unknown,Adult
80,0.0,3.0,male,22.0,9.0,S,0.0,Numeric,Mr,Unknown,Adult
81,1.0,3.0,male,29.0,9.5,S,0.0,Numeric,Mr,Unknown,Adult
82,1.0,3.0,female,17.6,7.787500000000001,Q,0.0,Numeric,Miss,Unknown,Teen
83,0.0,1.0,male,28.0,47.1,S,0.0,Numeric,Mr,Unknown,Adult
84,1.0,2.0,female,17.0,10.5,S,0.0,SO/C,Miss,Unknown,Teen
85,1.0,3.0,female,33.0,15.850000000000001,S,3.0,Numeric,Mrs,Unknown,Middle-aged
86,0.0,3.0,male,16.0,34.375,S,4.0,W./C.,Mr,Unknown,Teen
87,0.0,3.0,male,23.6,8.05,S,0.0,SOTON/OQ,Mr,Unknown,Adult
88,1.0,1.0,female,23.0,263.00000000000006,S,5.0,Numeric,Miss,C,Adult
89,0.0,3.0,male,24.0,8.05,S,0.0,Numeric,Mr,Unknown,Adult
90,0.0,3.0,male,29.0,8.05,S,0.0,Numeric,Mr,Unknown,Adult
91,0.0,3.0,male,20.0,7.854199999999999,S,0.0,Numeric,Mr,Unknown,Adult
92,0.0,1.0,male,46.0,61.175,S,1.0,W.E.P.,Mr,E,Middle-aged
93,0.0,3.0,male,26.0,20.575,S,3.0,C.A.,Mr,Unknown,Adult
94,0.0,3.0,male,59.0,7.25,S,0.0,Numeric,Mr,Unknown,Senior
95,0.0,3.0,male,38.0,8.05,S,0.0,Numeric,Mr,Unknown,Middle-aged
96,0.0,1.0,male,71.0,34.6542,C,0.0,PC,Mr,A,Senior
97,1.0,1.0,male,23.0,63.3583,C,1.0,PC,Mr,C,Adult
98,1.0,2.0,female,34.0,23.0,S,1.0,Numeric,Mrs,Unknown,Middle-aged
99,0.0,2.0,male,34.0,26.0,S,1.0,Numeric,Mr,Unknown,Middle-aged
100,0.0,3.0,female,28.0,7.895800000000001,S,0.0,Numeric,Miss,Unknown,Adult
101,0.0,3.0,male,29.0,7.895800000000001,S,0.0,Numeric,Mr,Unknown,Adult
102,0.0,1.0,male,21.0,77.2875,S,1.0,Numeric,Mr,C,Adult
103,0.0,3.0,male,33.0,8.6542,S,0.0,Numeric,Mr,Unknown,Middle-aged
104,0.0,3.0,male,37.0,7.925000000000001,S,2.0,Numeric,Mr,Unknown,Middle-aged
105,0.0,3.0,male,28.0,7.895800000000001,S,0.0,Numeric,Mr,Unknown,Adult
106,1.0,3.0,female,21.0,7.649999999999999,S,0.0,Numeric,Miss,Unknown,Adult
107,1.0,3.0,male,30.4,7.774999999999999,S,0.0,Numeric,Mr,Unknown,Middle-aged
108,0.0,3.0,male,38.0,7.895800000000001,S,0.0,Numeric,Mr,Unknown,Middle-aged
109,1.0,3.0,female,17.6,24.15,Q,1.0,Numeric,Miss,Unknown,Teen
110,0.0,1.0,male,47.0,52.0,S,0.0,Numeric,Mr,C,Middle-aged
111,0.0,3.0,female,14.499999999999998,14.4542,C,1.0,Numeric,Miss,Unknown,Teen
112,0.0,3.0,male,22.0,8.05,S,0.0,Numeric,Mr,Unknown,Adult
113,0.0,3.0,female,20.0,9.825,S,1.0,Numeric,Miss,Unknown,Adult
114,0.0,3.0,female,17.0,14.458300000000001,C,0.0,Numeric,Miss,Unknown,Teen
115,0.0,3.0,male,21.0,7.925000000000001,S,0.0,STON/O .,Mr,Unknown,Adult
116,0.0,3.0,male,70.5,7.75,Q,0.0,Numeric,Mr,Unknown,Senior
117,0.0,2.0,male,29.0,21.0,S,1.0,Numeric,Mr,Unknown,Adult
118,0.0,1.0,male,24.0,247.52080000000007,C,1.0,PC,Mr,B,Adult
119,0.0,3.0,female,2.0,31.275,S,6.0,Numeric,Miss,Unknown,Child
120,0.0,2.0,male,21.0,73.5,S,2.0,S.O.C.,Mr,Unknown,Adult
121,0.0,3.0,male,35.5,8.05,S,0.0,A.,Mr,Unknown,Middle-aged
122,0.0,2.0,male,32.5,30.0708,C,1.0,Numeric,Mr,Unknown,Middle-aged
123,1.0,2.0,female,32.5,13.0,S,0.0,Numeric,Miss,E,Middle-aged
124,0.0,1.0,male,54.0,77.2875,S,1.0,Numeric,Mr,C,Senior
125,1.0,3.0,male,12.0,11.241700000000002,C,1.0,Numeric,Master,Unknown,Teen
126,0.0,3.0,male,47.8,7.75,Q,0.0,Numeric,Mr,Unknown,Middle-aged
127,1.0,3.0,male,24.0,7.1417,S,0.0,C,Mr,Unknown,Adult
128,1.0,3.0,female,2.299999999999997,22.3583,C,2.0,Numeric,Miss,F,Child
129,0.0,3.0,male,45.0,6.975000000000001,S,0.0,Numeric,Mr,Unknown,Middle-aged
130,0.0,3.0,male,33.0,7.895800000000001,C,0.0,Numeric,Mr,Unknown,Middle-aged
131,0.0,3.0,male,20.0,7.050000000000001,S,0.0,SOTON/O.Q.,Mr,Unknown,Adult
132,0.0,3.0,female,47.0,14.5,S,1.0,A/.,Mrs,Unknown,Middle-aged
133,1.0,2.0,female,29.0,26.0,S,1.0,Numeric,Mrs,Unknown,Adult
134,0.0,2.0,male,25.0,13.0,S,0.0,C.A.,Mr,Unknown,Adult
135,0.0,2.0,male,23.0,15.0458,C,0.0,SC/PARIS,Mr,Unknown,Adult
136,1.0,1.0,female,19.0,26.2833,S,2.0,Numeric,Miss,C,Adult
137,0.0,1.0,male,37.0,53.1,S,1.0,Numeric,Mr,C,Middle-aged
138,0.0,3.0,male,16.0,9.2167,S,0.0,Numeric,Mr,Unknown,Teen
139,0.0,1.0,male,24.0,79.2,C,0.0,PC,Mr,B,Adult
140,0.0,3.0,female,29.0,15.2458,C,2.0,Numeric,Mrs,Unknown,Adult
141,1.0,3.0,female,22.0,7.75,S,0.0,Numeric,Miss,Unknown,Adult
142,1.0,3.0,female,24.0,15.850000000000001,S,1.0,STON/O.,Mrs,Unknown,Adult
143,0.0,3.0,male,19.0,6.7499999999999964,Q,0.0,Numeric,Mr,Unknown,Adult
144,0.0,2.0,male,18.0,11.5,S,0.0,Numeric,Mr,Unknown,Teen
145,0.0,2.0,male,19.0,36.75,S,2.0,C.A.,Mr,Unknown,Adult
146,1.0,3.0,male,27.0,7.7958,S,0.0,Numeric,Mr,Unknown,Adult
147,0.0,3.0,female,9.0,34.375,S,4.0,W./C.,Miss,Unknown,Child
148,0.0,2.0,male,36.5,26.0,S,2.0,Numeric,Mr,F,Middle-aged
149,0.0,2.0,male,42.0,13.0,S,0.0,Numeric,Rare,Unknown,Middle-aged
150,0.0,2.0,male,51.0,12.524999999999999,S,0.0,S.O.P.,Rare,Unknown,Senior
151,1.0,1.0,female,22.0,66.6,S,1.0,Numeric,Mrs,C,Adult
152,0.0,3.0,male,55.5,8.05,S,0.0,A..,Mr,Unknown,Senior
153,0.0,3.0,male,40.5,14.5,S,2.0,A/.,Mr,Unknown,Middle-aged
154,0.0,3.0,male,37.6,7.3125,S,0.0,Fa,Mr,Unknown,Middle-aged
155,0.0,1.0,male,51.0,61.3792,C,1.0,PC,Mr,Unknown,Senior
156,1.0,3.0,female,16.0,7.7333,Q,0.0,Numeric,Miss,Unknown,Teen
157,0.0,3.0,male,30.0,8.05,S,0.0,SOTON/OQ,Mr,Unknown,Adult
158,0.0,3.0,male,22.6,8.662500000000001,S,0.0,Numeric,Mr,Unknown,Adult
159,0.0,3.0,male,6.800000000000001,69.55,S,10.0,CA.,Master,Unknown,Child
160,0.0,3.0,male,44.0,16.1,S,1.0,Numeric,Mr,Unknown,Middle-aged
161,1.0,2.0,female,40.0,15.75,S,0.0,C.A.,Mrs,Unknown,Middle-aged
162,0.0,3.0,male,26.0,7.774999999999999,S,0.0,Numeric,Mr,Unknown,Adult
163,0.0,3.0,male,17.0,8.662500000000001,S,0.0,Numeric,Mr,Unknown,Teen
164,0.0,3.0,male,1.0,39.6875,S,5.0,Numeric,Master,Unknown,Child
165,1.0,3.0,male,9.0,20.525,S,2.0,Numeric,Master,Unknown,Child
166,1.0,1.0,female,41.8,55.0,S,1.0,Numeric,Mrs,E,Middle-aged
167,0.0,3.0,female,45.0,27.9,S,5.0,Numeric,Mrs,Unknown,Middle-aged
168,0.0,1.0,male,51.0,25.925,S,0.0,PC,Mr,Unknown,Senior
169,0.0,3.0,male,28.0,56.4958,S,0.0,Numeric,Mr,Unknown,Adult
170,0.0,1.0,male,61.0,33.5,S,0.0,Numeric,Mr,B,Senior
171,0.0,3.0,male,4.0,29.125,Q,5.0,Numeric,Master,Unknown,Child
172,1.0,3.0,female,1.0,11.133299999999998,S,2.0,Numeric,Miss,Unknown,Child
173,0.0,3.0,male,21.0,7.925000000000001,S,0.0,STON/O .,Mr,Unknown,Adult
174,0.0,1.0,male,56.0,30.6958,C,0.0,Numeric,Mr,A,Senior
175,0.0,3.0,male,18.0,7.854199999999999,S,2.0,Numeric,Mr,Unknown,Teen
176,0.0,3.0,male,5.0,25.4667,S,4.0,Numeric,Master,Unknown,Child
177,0.0,1.0,female,50.0,28.7125,C,0.0,PC,Miss,C,Middle-aged
178,0.0,2.0,male,30.0,13.0,S,0.0,Numeric,Mr,Unknown,Adult
179,0.0,3.0,male,36.0,0.0,S,0.0,LINE,Mr,Unknown,Middle-aged
180,0.0,3.0,female,8.8,69.55,S,10.0,CA.,Miss,Unknown,Child
181,0.0,2.0,male,28.8,15.05,C,0.0,SC/PARIS,Mr,Unknown,Adult
182,0.0,3.0,male,9.0,31.3875,S,6.0,Numeric,Master,Unknown,Child
183,1.0,2.0,male,1.0,39.0,S,3.0,Numeric,Master,F,Child
184,1.0,3.0,female,4.0,22.025,S,2.0,Numeric,Miss,Unknown,Child
185,0.0,1.0,male,47.89999999999999,50.0,S,0.0,Numeric,Mr,A,Middle-aged
186,1.0,3.0,female,25.0,15.5,Q,1.0,Numeric,Mrs,Unknown,Adult
187,1.0,1.0,male,45.0,26.55,S,0.0,Numeric,Mr,Unknown,Middle-aged
188,0.0,3.0,male,40.0,15.5,Q,2.0,Numeric,Mr,Unknown,Middle-aged
189,0.0,3.0,male,36.0,7.895800000000001,S,0.0,Numeric,Mr,Unknown,Middle-aged
190,1.0,2.0,female,32.0,13.0,S,0.0,Numeric,Mrs,Unknown,Middle-aged
191,0.0,2.0,male,19.0,13.0,S,0.0,Numeric,Mr,Unknown,Adult
192,1.0,3.0,female,19.0,7.854199999999999,S,1.0,Numeric,Miss,Unknown,Adult
193,1.0,2.0,male,3.0,26.0,S,2.0,Numeric,Master,F,Child
194,1.0,1.0,female,44.0,27.7208,C,0.0,PC,Mrs,B,Middle-aged
195,1.0,1.0,female,58.0,146.5208,C,0.0,PC,Miss,B,Senior
196,0.0,3.0,male,47.8,7.75,Q,0.0,Numeric,Mr,Unknown,Middle-aged
197,0.0,3.0,male,42.0,8.4042,S,1.0,Numeric,Mr,Unknown,Middle-aged
198,1.0,3.0,female,17.6,7.75,Q,0.0,Numeric,Miss,Unknown,Teen
199,0.0,2.0,female,24.0,13.0,S,0.0,Numeric,Miss,Unknown,Adult
200,0.0,3.0,male,28.0,9.5,S,0.0,Numeric,Mr,Unknown,Adult
201,0.0,3.0,male,22.6,69.55,S,10.0,CA.,Mr,Unknown,Adult
202,0.0,3.0,male,34.0,6.495800000000003,S,0.0,Numeric,Mr,Unknown,Middle-aged
203,0.0,3.0,male,45.5,7.225000000000005,C,0.0,Numeric,Mr,Unknown,Middle-aged
204,1.0,3.0,male,18.0,8.05,S,0.0,A/,Mr,Unknown,Teen
205,0.0,3.0,female,2.0,10.462499999999999,S,1.0,Numeric,Miss,G,Child
206,0.0,3.0,male,32.0,15.850000000000001,S,1.0,Numeric,Mr,Unknown,Middle-aged
207,1.0,3.0,male,26.0,18.7875,C,0.0,Numeric,Mr,Unknown,Adult
208,1.0,3.0,female,16.0,7.75,Q,0.0,Numeric,Miss,Unknown,Teen
209,1.0,1.0,male,40.0,31.0,C,0.0,Numeric,Mr,A,Middle-aged
210,0.0,3.0,male,24.0,7.050000000000001,S,0.0,SOTON/O.Q.,Mr,Unknown,Adult
211,1.0,2.0,female,35.0,21.0,S,0.0,F.C.C.,Miss,Unknown,Middle-aged
212,0.0,3.0,male,22.0,7.25,S,0.0,A/,Mr,Unknown,Adult
213,0.0,2.0,male,30.0,13.0,S,0.0,Numeric,Mr,Unknown,Adult
214,0.0,3.0,male,47.8,7.75,Q,1.0,Numeric,Mr,Unknown,Middle-aged
215,1.0,1.0,female,31.0,113.275,C,1.0,Numeric,Miss,C,Middle-aged
216,1.0,3.0,female,27.0,7.925000000000001,S,0.0,STON/O.,Miss,Unknown,Adult
217,0.0,2.0,male,42.0,27.0,S,1.0,Numeric,Mr,Unknown,Middle-aged
218,1.0,1.0,female,32.0,76.2917,C,0.0,Numeric,Miss,C,Middle-aged
219,0.0,2.0,male,30.0,10.5,S,0.0,W/C,Mr,Unknown,Adult
220,1.0,3.0,male,16.0,8.05,S,0.0,SOTON/OQ,Mr,Unknown,Teen
221,0.0,2.0,male,27.0,13.0,S,0.0,Numeric,Mr,Unknown,Adult
222,0.0,3.0,male,51.0,8.05,S,0.0,Numeric,Mr,Unknown,Senior
223,0.0,3.0,male,29.0,7.895800000000001,S,0.0,Numeric,Mr,Unknown,Adult
224,1.0,1.0,male,38.0,90.0,S,1.0,Numeric,Mr,C,Middle-aged
225,0.0,3.0,male,22.0,9.350000000000001,S,0.0,PP,Mr,Unknown,Adult
226,1.0,2.0,male,19.0,10.5,S,0.0,SW/PP,Mr,Unknown,Adult
227,0.0,3.0,male,20.5,7.25,S,0.0,A/,Mr,Unknown,Adult
228,0.0,2.0,male,18.0,13.0,S,0.0,Numeric,Mr,Unknown,Teen
229,0.0,3.0,female,6.399999999999999,25.4667,S,4.0,Numeric,Miss,Unknown,Child
230,1.0,1.0,female,35.0,83.475,S,1.0,Numeric,Mrs,C,Middle-aged
231,0.0,3.0,male,29.0,7.774999999999999,S,0.0,Numeric,Mr,Unknown,Adult
232,0.0,2.0,male,59.0,13.5,S,0.0,Numeric,Mr,Unknown,Senior
233,1.0,3.0,female,5.0,31.3875,S,6.0,Numeric,Miss,Unknown,Child
234,0.0,2.0,male,24.0,10.5,S,0.0,C.A.,Mr,Unknown,Adult
235,0.0,3.0,female,30.2,7.550000000000001,S,0.0,W./C.,Miss,Unknown,Middle-aged
236,0.0,2.0,male,44.0,26.0,S,1.0,Numeric,Mr,Unknown,Middle-aged
237,1.0,2.0,female,8.0,26.25,S,2.0,C.A.,Miss,Unknown,Child
238,0.0,2.0,male,19.0,10.5,S,0.0,Numeric,Mr,Unknown,Adult
239,0.0,2.0,male,33.0,12.274999999999999,S,0.0,SCO/W,Mr,Unknown,Middle-aged
240,0.0,3.0,female,15.899999999999999,14.4542,C,1.0,Numeric,Miss,Unknown,Teen
241,1.0,3.0,female,17.6,15.5,Q,1.0,Numeric,Miss,Unknown,Teen
242,0.0,2.0,male,29.0,10.5,S,0.0,W./C.,Mr,Unknown,Adult
243,0.0,3.0,male,22.0,7.125,S,0.0,STON/O .,Mr,Unknown,Adult
244,0.0,3.0,male,30.0,7.225000000000005,C,0.0,Numeric,Mr,Unknown,Adult
245,0.0,1.0,male,44.0,90.0,Q,2.0,Numeric,Rare,C,Middle-aged
246,0.0,3.0,female,25.0,7.774999999999999,S,0.0,Numeric,Miss,Unknown,Adult
247,1.0,2.0,female,24.0,14.5,S,2.0,Numeric,Mrs,Unknown,Adult
248,1.0,1.0,male,37.0,52.5542,S,2.0,Numeric,Mr,C,Middle-aged
249,0.0,2.0,male,54.0,26.0,S,1.0,Numeric,Rare,Unknown,Senior
250,0.0,3.0,male,39.0,7.25,S,0.0,Numeric,Mr,Unknown,Middle-aged
251,0.0,3.0,female,29.0,10.462499999999999,S,2.0,Numeric,Mrs,G,Adult
252,0.0,1.0,male,62.0,26.55,S,0.0,Numeric,Mr,C,Senior
253,0.0,3.0,male,30.0,16.1,S,1.0,A/.,Mr,Unknown,Adult
254,0.0,3.0,female,41.0,20.2125,S,2.0,Numeric,Mrs,Unknown,Middle-aged
255,1.0,3.0,female,29.0,15.2458,C,2.0,Numeric,Mrs,Unknown,Adult
256,1.0,1.0,female,39.4,79.2,C,0.0,PC,Mrs,Unknown,Middle-aged
257,1.0,1.0,female,30.0,86.5,S,0.0,Numeric,Miss,B,Adult
258,1.0,1.0,female,35.0,512.3292,C,0.0,PC,Miss,Unknown,Middle-aged
259,1.0,2.0,female,50.0,26.0,S,1.0,Numeric,Mrs,Unknown,Middle-aged
260,0.0,3.0,male,47.8,7.75,Q,0.0,Numeric,Mr,Unknown,Middle-aged
261,1.0,3.0,male,3.0,31.3875,S,6.0,Numeric,Master,Unknown,Child
262,0.0,1.0,male,52.0,79.65,S,2.0,Numeric,Mr,E,Senior
263,0.0,1.0,male,40.0,0.0,S,0.0,Numeric,Mr,B,Middle-aged
264,0.0,3.0,female,26.5,7.75,Q,0.0,Numeric,Miss,Unknown,Adult
265,0.0,2.0,male,36.0,10.5,S,0.0,C.A.,Mr,Unknown,Middle-aged
266,0.0,3.0,male,16.0,39.6875,S,5.0,Numeric,Mr,Unknown,Teen
267,1.0,3.0,male,25.0,7.774999999999999,S,1.0,Numeric,Mr,Unknown,Adult
268,1.0,1.0,female,58.0,153.46250000000003,S,1.0,PC,Mrs,C,Senior
269,1.0,1.0,female,35.0,135.63330000000002,S,0.0,PC,Miss,C,Middle-aged
270,0.0,1.0,male,51.0,31.0,S,0.0,Numeric,Mr,Unknown,Senior
271,1.0,3.0,male,25.0,0.0,S,0.0,LINE,Mr,Unknown,Adult
272,1.0,2.0,female,41.0,19.5,S,1.0,Numeric,Mrs,Unknown,Middle-aged
273,0.0,1.0,male,37.0,29.7,C,1.0,PC,Mr,C,Middle-aged
274,1.0,3.0,female,17.6,7.75,Q,0.0,Numeric,Miss,Unknown,Teen
275,1.0,1.0,female,63.0,77.9583,S,1.0,Numeric,Miss,C,Senior
276,0.0,3.0,female,45.0,7.75,S,0.0,Numeric,Miss,Unknown,Middle-aged
277,0.0,2.0,male,23.2,0.0,S,0.0,Numeric,Mr,Unknown,Adult
278,0.0,3.0,male,7.0,29.125,Q,5.0,Numeric,Master,Unknown,Child
279,1.0,3.0,female,35.0,20.25,S,2.0,C.A.,Mrs,Unknown,Middle-aged
280,0.0,3.0,male,65.0,7.75,Q,0.0,Numeric,Mr,Unknown,Senior
281,0.0,3.0,male,28.0,7.854199999999999,S,0.0,Numeric,Mr,Unknown,Adult
282,0.0,3.0,male,16.0,9.5,S,0.0,Numeric,Mr,Unknown,Teen
283,1.0,3.0,male,19.0,8.05,S,0.0,A/.,Mr,Unknown,Adult
284,0.0,1.0,male,40.8,26.0,S,0.0,Numeric,Mr,A,Middle-aged
285,0.0,3.0,male,33.0,8.662500000000001,C,0.0,Numeric,Mr,Unknown,Middle-aged
286,1.0,3.0,male,30.0,9.5,S,0.0,Numeric,Mr,Unknown,Adult
287,0.0,3.0,male,22.0,7.895800000000001,S,0.0,Numeric,Mr,Unknown,Adult
288,1.0,2.0,male,42.0,13.0,S,0.0,Numeric,Mr,Unknown,Middle-aged
289,1.0,3.0,female,22.0,7.75,Q,0.0,Numeric,Miss,Unknown,Adult
290,1.0,1.0,female,26.0,78.85,S,0.0,Numeric,Miss,Unknown,Adult
291,1.0,1.0,female,19.0,91.0792,C,1.0,Numeric,Mrs,B,Adult
292,0.0,2.0,male,36.0,12.875,C,0.0,SC/Paris,Mr,C,Middle-aged
293,0.0,3.0,female,24.0,8.850000000000001,S,0.0,Numeric,Miss,Unknown,Adult
294,0.0,3.0,male,24.0,7.895800000000001,S,0.0,Numeric,Mr,Unknown,Adult
295,0.0,1.0,male,42.5,27.7208,C,0.0,PC,Mr,Unknown,Middle-aged
296,0.0,3.0,male,23.5,7.229199999999999,C,0.0,Numeric,Mr,Unknown,Adult
297,0.0,1.0,female,2.0,151.55,S,3.0,Numeric,Miss,C,Child
298,1.0,1.0,male,51.0,30.5,S,0.0,Numeric,Mr,C,Senior
299,1.0,1.0,female,50.0,247.52080000000007,C,1.0,PC,Mrs,B,Middle-aged
300,1.0,3.0,female,17.6,7.75,Q,0.0,Numeric,Miss,Unknown,Teen
301,1.0,3.0,male,25.8,23.25,Q,2.0,Numeric,Mr,Unknown,Adult
302,0.0,3.0,male,19.0,0.0,S,0.0,LINE,Mr,Unknown,Adult
303,1.0,2.0,female,34.3,12.350000000000001,Q,0.0,Numeric,Miss,E,Middle-aged
304,0.0,3.0,male,31.6,8.05,S,0.0,A/,Mr,Unknown,Middle-aged
305,1.0,1.0,male,0.9200000000000017,151.55,S,3.0,Numeric,Master,C,Child
306,1.0,1.0,female,32.4,110.8833,C,0.0,Numeric,Miss,Unknown,Middle-aged
307,1.0,1.0,female,17.0,108.9,C,1.0,PC,Mrs,C,Teen
308,0.0,2.0,male,30.0,24.0,C,1.0,P/PP,Mr,Unknown,Adult
309,1.0,1.0,female,30.0,56.9292,C,0.0,PC,Miss,E,Adult
310,1.0,1.0,female,24.0,83.1583,C,0.0,Numeric,Miss,C,Adult
311,1.0,1.0,female,18.0,262.375,C,4.0,PC,Miss,B,Teen
312,0.0,2.0,female,26.0,26.0,S,2.0,Numeric,Mrs,Unknown,Adult
313,0.0,3.0,male,28.0,7.895800000000001,S,0.0,Numeric,Mr,Unknown,Adult
314,0.0,2.0,male,43.0,26.25,S,2.0,F.C.C.,Mr,Unknown,Middle-aged
315,1.0,3.0,female,26.0,7.854199999999999,S,0.0,Numeric,Miss,Unknown,Adult
316,1.0,2.0,female,24.0,26.0,S,1.0,Numeric,Mrs,Unknown,Adult
317,0.0,2.0,male,54.0,14.0,S,0.0,Numeric,Rare,Unknown,Senior
318,1.0,1.0,female,31.0,164.86669999999998,S,2.0,Numeric,Miss,C,Middle-aged
319,1.0,1.0,female,40.0,134.5,C,2.0,Numeric,Mrs,E,Middle-aged
320,0.0,3.0,male,22.0,7.25,S,0.0,A/,Mr,Unknown,Adult
321,0.0,3.0,male,27.0,7.895800000000001,S,0.0,Numeric,Mr,Unknown,Adult
322,1.0,2.0,female,30.0,12.350000000000001,Q,0.0,Numeric,Miss,Unknown,Adult
323,1.0,2.0,female,22.0,29.0,S,2.0,Numeric,Mrs,Unknown,Adult
324,0.0,3.0,male,22.6,69.55,S,10.0,CA.,Mr,Unknown,Adult
325,1.0,1.0,female,36.0,135.63330000000002,C,0.0,PC,Miss,C,Middle-aged
326,0.0,3.0,male,61.0,6.237500000000001,S,0.0,Numeric,Mr,Unknown,Senior
327,1.0,2.0,female,36.0,13.0,S,0.0,Numeric,Mrs,C,Middle-aged
328,1.0,3.0,female,31.0,20.525,S,2.0,Numeric,Mrs,Unknown,Middle-aged
329,1.0,1.0,female,16.0,57.9792,C,1.0,Numeric,Miss,B,Teen
330,1.0,3.0,female,11.0,23.25,Q,2.0,Numeric,Miss,Unknown,Teen
331,0.0,1.0,male,45.5,28.5,S,0.0,Numeric,Mr,C,Middle-aged
332,0.0,1.0,male,38.0,153.46250000000003,S,1.0,PC,Mr,C,Middle-aged
333,0.0,3.0,male,16.0,18.0,S,2.0,Numeric,Mr,Unknown,Teen
334,1.0,1.0,female,41.2,133.65,S,1.0,PC,Mrs,Unknown,Middle-aged
335,0.0,3.0,male,29.0,7.895800000000001,S,0.0,Numeric,Mr,Unknown,Adult
336,0.0,1.0,male,29.0,66.6,S,1.0,Numeric,Mr,C,Adult
337,1.0,1.0,female,41.0,134.5,C,0.0,Numeric,Miss,E,Middle-aged
338,1.0,3.0,male,45.0,8.05,S,0.0,Numeric,Mr,Unknown,Middle-aged
339,0.0,1.0,male,45.0,35.5,S,0.0,Numeric,Mr,T,Middle-aged
340,1.0,2.0,male,2.0,26.0,S,2.0,Numeric,Master,F,Child
341,1.0,1.0,female,24.0,263.00000000000006,S,5.0,Numeric,Miss,C,Adult
342,0.0,2.0,male,28.0,13.0,S,0.0,Numeric,Mr,Unknown,Adult
343,0.0,2.0,male,25.0,13.0,S,0.0,Numeric,Mr,Unknown,Adult
344,0.0,2.0,male,36.0,13.0,S,0.0,Numeric,Mr,Unknown,Middle-aged
345,1.0,2.0,female,24.0,13.0,S,0.0,Numeric,Miss,F,Adult
346,1.0,2.0,female,40.0,13.0,S,0.0,Numeric,Miss,Unknown,Middle-aged
347,1.0,3.0,female,35.0,16.1,S,1.0,Numeric,Mrs,Unknown,Middle-aged
348,1.0,3.0,male,3.0,15.899999999999999,S,2.0,C.A.,Master,Unknown,Child
349,0.0,3.0,male,42.0,8.662500000000001,S,0.0,Numeric,Mr,Unknown,Middle-aged
350,0.0,3.0,male,23.0,9.225000000000001,S,0.0,Numeric,Mr,Unknown,Adult
351,0.0,1.0,male,51.3,35.0,S,0.0,Numeric,Mr,C,Senior
352,0.0,3.0,male,15.0,7.229199999999999,C,2.0,Numeric,Mr,Unknown,Teen
353,0.0,3.0,male,25.0,17.799999999999997,S,1.0,Numeric,Mr,Unknown,Adult
354,0.0,3.0,male,33.8,7.225000000000005,C,0.0,Numeric,Mr,Unknown,Middle-aged
355,0.0,3.0,male,28.0,9.5,S,0.0,Numeric,Mr,Unknown,Adult
356,1.0,1.0,female,22.0,55.0,S,1.0,Numeric,Miss,E,Adult
357,0.0,2.0,female,38.0,13.0,S,0.0,Numeric,Miss,Unknown,Middle-aged
358,1.0,3.0,female,17.6,7.879200000000001,Q,0.0,Numeric,Miss,Unknown,Teen
359,1.0,3.0,female,17.6,7.879200000000001,Q,0.0,Numeric,Miss,Unknown,Teen
360,0.0,3.0,male,40.0,27.9,S,5.0,Numeric,Mr,Unknown,Middle-aged
361,0.0,2.0,male,29.0,27.7208,C,1.0,SC/PARIS,Mr,Unknown,Adult
362,0.0,3.0,female,45.0,14.4542,C,1.0,Numeric,Mrs,Unknown,Middle-aged
363,0.0,3.0,male,35.0,7.050000000000001,S,0.0,SOTON/O.Q.,Mr,Unknown,Middle-aged
364,0.0,3.0,male,41.7,15.5,Q,1.0,Numeric,Mr,Unknown,Middle-aged
365,0.0,3.0,male,30.0,7.25,S,0.0,C,Mr,Unknown,Adult
366,1.0,1.0,female,60.0,75.25,C,1.0,Numeric,Mrs,C,Senior
367,1.0,3.0,female,22.0,7.229199999999999,C,0.0,Numeric,Mrs,Unknown,Adult
368,1.0,3.0,female,17.6,7.75,Q,0.0,Numeric,Miss,Unknown,Teen
369,1.0,1.0,female,24.0,69.3,C,0.0,PC,Mrs,B,Adult
370,1.0,1.0,male,25.0,55.4417,C,1.0,Numeric,Mr,E,Adult
371,0.0,3.0,male,18.0,6.495800000000003,S,1.0,Numeric,Mr,Unknown,Teen
372,0.0,3.0,male,19.0,8.05,S,0.0,Numeric,Mr,Unknown,Adult
373,0.0,1.0,male,22.0,135.63330000000002,C,0.0,PC,Mr,Unknown,Adult
374,0.0,3.0,female,3.0,21.075,S,4.0,Numeric,Miss,Unknown,Child
375,1.0,1.0,female,39.4,82.1708,C,1.0,PC,Mrs,Unknown,Middle-aged
376,1.0,3.0,female,22.0,7.25,S,0.0,C,Miss,Unknown,Adult
377,0.0,1.0,male,27.0,211.5,C,2.0,Numeric,Mr,C,Adult
378,0.0,3.0,male,20.0,4.012499999999996,C,0.0,Numeric,Mr,Unknown,Adult
379,0.0,3.0,male,19.0,7.774999999999999,S,0.0,Numeric,Mr,Unknown,Adult
380,1.0,1.0,female,42.0,227.52499999999998,C,0.0,PC,Miss,Unknown,Middle-aged
381,1.0,3.0,female,1.0,15.741700000000002,C,2.0,Numeric,Miss,Unknown,Child
382,0.0,3.0,male,32.0,7.925000000000001,S,0.0,STON/O .,Mr,Unknown,Middle-aged
383,1.0,1.0,female,35.0,52.0,S,1.0,Numeric,Mrs,Unknown,Middle-aged
384,0.0,3.0,male,29.0,7.895800000000001,S,0.0,Numeric,Mr,Unknown,Adult
385,0.0,2.0,male,18.0,73.5,S,0.0,S.O.C.,Mr,Unknown,Teen
386,0.0,3.0,male,1.0,46.9,S,7.0,CA,Master,Unknown,Child
387,1.0,2.0,female,36.0,13.0,S,0.0,Numeric,Miss,Unknown,Middle-aged
388,0.0,3.0,male,38.7,7.729199999999999,Q,0.0,Numeric,Mr,Unknown,Middle-aged
389,1.0,2.0,female,17.0,12.0,C,0.0,SC,Miss,Unknown,Teen
390,1.0,1.0,male,36.0,120.0,S,3.0,Numeric,Mr,B,Middle-aged
391,1.0,3.0,male,21.0,7.7958,S,0.0,Numeric,Mr,Unknown,Adult
392,0.0,3.0,male,28.0,7.925000000000001,S,2.0,Numeric,Mr,Unknown,Adult
393,1.0,1.0,female,23.0,113.275,C,1.0,Numeric,Miss,C,Adult
394,1.0,3.0,female,24.0,16.7,S,2.0,PP,Mrs,G,Adult
395,0.0,3.0,male,22.0,7.7958,S,0.0,Numeric,Mr,Unknown,Adult
396,0.0,3.0,female,31.0,7.854199999999999,S,0.0,Numeric,Miss,Unknown,Middle-aged
397,0.0,2.0,male,46.0,26.0,S,0.0,Numeric,Mr,Unknown,Middle-aged
398,0.0,2.0,male,23.0,10.5,S,0.0,Numeric,Rare,Unknown,Adult
399,1.0,2.0,female,28.0,12.649999999999999,S,0.0,Numeric,Mrs,Unknown,Adult
400,1.0,3.0,male,39.0,7.925000000000001,S,0.0,STON/O .,Mr,Unknown,Middle-aged
401,0.0,3.0,male,26.0,8.05,S,0.0,Numeric,Mr,Unknown,Adult
402,0.0,3.0,female,21.0,9.825,S,1.0,Numeric,Miss,Unknown,Adult
403,0.0,3.0,male,28.0,15.850000000000001,S,1.0,STON/O.,Mr,Unknown,Adult
404,0.0,3.0,female,20.0,8.662500000000001,S,0.0,Numeric,Miss,Unknown,Adult
405,0.0,2.0,male,34.0,21.0,S,1.0,Numeric,Mr,Unknown,Middle-aged
406,0.0,3.0,male,51.0,7.75,S,0.0,Numeric,Mr,Unknown,Senior
407,1.0,2.0,male,3.0,18.75,S,2.0,Numeric,Master,Unknown,Child
408,0.0,3.0,male,21.0,7.774999999999999,S,0.0,Numeric,Mr,Unknown,Adult
409,0.0,3.0,female,6.399999999999999,25.4667,S,4.0,Numeric,Miss,Unknown,Child
410,0.0,3.0,male,29.0,7.895800000000001,S,0.0,Numeric,Mr,Unknown,Adult
411,0.0,3.0,male,29.5,6.8583,Q,0.0,Numeric,Mr,Unknown,Adult
412,1.0,1.0,female,33.0,90.0,Q,1.0,Numeric,Miss,C,Middle-aged
413,0.0,2.0,male,23.2,0.0,S,0.0,Numeric,Mr,Unknown,Adult
414,1.0,3.0,male,44.0,7.925000000000001,S,0.0,STON/O .,Mr,Unknown,Middle-aged
415,0.0,3.0,female,31.6,8.05,S,0.0,Numeric,Mrs,Unknown,Middle-aged
416,1.0,2.0,female,34.0,32.5,S,2.0,Numeric,Mrs,Unknown,Middle-aged
417,1.0,2.0,female,18.0,13.0,S,2.0,Numeric,Miss,Unknown,Teen
418,0.0,2.0,male,30.0,13.0,S,0.0,Numeric,Mr,Unknown,Adult
419,0.0,3.0,female,10.0,24.15,S,2.0,Numeric,Miss,Unknown,Child
420,0.0,3.0,male,28.4,7.895800000000001,C,0.0,Numeric,Mr,Unknown,Adult
421,0.0,3.0,male,21.0,7.7333,Q,0.0,A/.,Mr,Unknown,Adult
422,0.0,3.0,male,29.0,7.875,S,0.0,Numeric,Mr,Unknown,Adult
423,0.0,3.0,female,28.0,14.399999999999999,S,2.0,Numeric,Mrs,Unknown,Adult
424,0.0,3.0,male,18.0,20.2125,S,2.0,Numeric,Mr,Unknown,Teen
425,0.0,3.0,male,20.2,7.25,S,0.0,A/.,Mr,Unknown,Adult
426,1.0,2.0,female,28.0,26.0,S,1.0,Numeric,Mrs,Unknown,Adult
427,1.0,2.0,female,19.0,26.0,S,0.0,Numeric,Miss,Unknown,Adult
428,0.0,3.0,male,47.8,7.75,Q,0.0,Numeric,Mr,Unknown,Middle-aged
429,1.0,3.0,male,32.0,8.05,S,0.0,SOTON/O.Q.,Mr,E,Middle-aged
430,1.0,1.0,male,28.0,26.55,S,0.0,Numeric,Mr,C,Adult
431,1.0,3.0,female,35.0,16.1,S,1.0,Numeric,Mrs,Unknown,Middle-aged
432,1.0,2.0,female,42.0,26.0,S,1.0,SC/AH,Mrs,Unknown,Middle-aged
433,0.0,3.0,male,17.0,7.125,S,0.0,STON/O .,Mr,Unknown,Teen
434,0.0,1.0,male,50.0,55.9,S,1.0,Numeric,Mr,E,Middle-aged
435,1.0,1.0,female,14.000000000000002,120.0,S,3.0,Numeric,Miss,B,Teen
436,0.0,3.0,female,21.0,34.375,S,4.0,W./C.,Miss,Unknown,Adult
437,1.0,2.0,female,24.0,18.75,S,5.0,Numeric,Mrs,Unknown,Adult
438,0.0,1.0,male,64.0,263.00000000000006,S,5.0,Numeric,Mr,C,Senior
439,0.0,2.0,male,31.0,10.5,S,0.0,C.A.,Mr,Unknown,Middle-aged
440,1.0,2.0,female,45.0,26.25,S,2.0,F.C.C.,Mrs,Unknown,Middle-aged
441,0.0,3.0,male,20.0,9.5,S,0.0,Numeric,Mr,Unknown,Adult
442,0.0,3.0,male,25.0,7.774999999999999,S,1.0,Numeric,Mr,Unknown,Adult
443,1.0,2.0,female,28.0,13.0,S,0.0,Numeric,Miss,Unknown,Adult
444,1.0,3.0,male,30.4,8.1125,S,0.0,Numeric,Mr,Unknown,Middle-aged
445,1.0,1.0,male,4.0,81.8583,S,2.0,Numeric,Master,A,Child
446,1.0,2.0,female,13.0,19.5,S,1.0,Numeric,Miss,Unknown,Teen
447,1.0,1.0,male,34.0,26.55,S,0.0,Numeric,Mr,Unknown,Middle-aged
448,1.0,3.0,female,5.0,19.2583,C,3.0,Numeric,Miss,Unknown,Child
449,1.0,1.0,male,52.0,30.5,S,0.0,Numeric,Rare,C,Senior
450,0.0,2.0,male,36.0,27.75,S,3.0,C.A.,Mr,Unknown,Middle-aged
451,0.0,3.0,male,32.2,19.9667,S,1.0,Numeric,Mr,Unknown,Middle-aged
452,0.0,1.0,male,30.0,27.75,C,0.0,Numeric,Mr,C,Adult
453,1.0,1.0,male,49.0,89.1042,C,1.0,Numeric,Mr,C,Middle-aged
454,0.0,3.0,male,31.6,8.05,S,0.0,A/,Mr,Unknown,Middle-aged
455,1.0,3.0,male,29.0,7.895800000000001,C,0.0,Numeric,Mr,Unknown,Adult
456,0.0,1.0,male,65.0,26.55,S,0.0,Numeric,Mr,E,Senior
457,1.0,1.0,female,36.0,51.8625,S,1.0,Numeric,Mrs,C,Middle-aged
458,1.0,2.0,female,50.0,10.5,S,0.0,F.C.C.,Miss,Unknown,Middle-aged
459,0.0,3.0,male,47.8,7.75,Q,0.0,Numeric,Mr,Unknown,Middle-aged
460,1.0,1.0,male,48.0,26.55,S,0.0,Numeric,Mr,E,Middle-aged
461,0.0,3.0,male,34.0,8.05,S,0.0,Numeric,Mr,Unknown,Middle-aged
462,0.0,1.0,male,47.0,38.5,S,0.0,Numeric,Mr,E,Middle-aged
463,0.0,2.0,male,48.0,13.0,S,0.0,Numeric,Mr,Unknown,Middle-aged
464,0.0,3.0,male,26.0,8.05,S,0.0,A/S,Mr,Unknown,Adult
465,0.0,3.0,male,38.0,7.050000000000001,S,0.0,SOTON/O.Q.,Mr,Unknown,Middle-aged
466,0.0,2.0,male,23.2,0.0,S,0.0,Numeric,Mr,Unknown,Adult
467,0.0,1.0,male,56.0,26.55,S,0.0,Numeric,Mr,Unknown,Senior
468,0.0,3.0,male,38.7,7.725000000000001,Q,0.0,Numeric,Mr,Unknown,Middle-aged
469,1.0,3.0,female,0.75,19.2583,C,3.0,Numeric,Miss,Unknown,Child
470,0.0,3.0,male,39.0,7.25,S,0.0,Numeric,Mr,Unknown,Middle-aged
471,0.0,3.0,male,38.0,8.662500000000001,S,0.0,Numeric,Mr,Unknown,Middle-aged
472,1.0,2.0,female,33.0,27.75,S,3.0,C.A.,Mrs,Unknown,Middle-aged
473,1.0,2.0,female,23.0,13.791699999999999,C,0.0,SC/AH Basle,Mrs,C,Adult
474,0.0,3.0,female,22.0,9.837499999999999,S,0.0,Numeric,Miss,Unknown,Adult
475,0.0,1.0,male,47.89999999999999,52.0,S,0.0,Numeric,Mr,A,Middle-aged
476,0.0,2.0,male,34.0,21.0,S,1.0,Numeric,Mr,Unknown,Middle-aged
477,0.0,3.0,male,29.0,7.0458,S,1.0,Numeric,Mr,Unknown,Adult
478,0.0,3.0,male,22.0,7.520800000000001,S,0.0,Numeric,Mr,Unknown,Adult
479,1.0,3.0,female,2.0,12.287500000000001,S,1.0,Numeric,Miss,Unknown,Child
480,0.0,3.0,male,9.0,46.9,S,7.0,CA,Master,Unknown,Child
481,0.0,2.0,male,23.2,0.0,S,0.0,Numeric,Mr,Unknown,Adult
482,0.0,3.0,male,50.0,8.05,S,0.0,A/,Mr,Unknown,Middle-aged
483,1.0,3.0,female,63.0,9.587499999999999,S,0.0,Numeric,Mrs,Unknown,Senior
484,1.0,1.0,male,25.0,91.0792,C,1.0,Numeric,Mr,B,Adult
485,0.0,3.0,female,6.399999999999999,25.4667,S,4.0,Numeric,Miss,Unknown,Child
486,1.0,1.0,female,35.0,90.0,S,1.0,Numeric,Mrs,C,Middle-aged
487,0.0,1.0,male,58.0,29.7,C,0.0,Numeric,Mr,B,Senior
488,0.0,3.0,male,30.0,8.05,S,0.0,A..,Mr,Unknown,Adult
489,1.0,3.0,male,9.0,15.899999999999999,S,2.0,C.A.,Master,Unknown,Child
490,0.0,3.0,male,32.2,19.9667,S,1.0,Numeric,Mr,Unknown,Middle-aged
491,0.0,3.0,male,21.0,7.25,S,0.0,SOTON/OQ,Mr,Unknown,Adult
492,0.0,1.0,male,55.0,30.5,S,0.0,Numeric,Mr,C,Senior
493,0.0,1.0,male,71.0,49.5042,C,0.0,PC,Mr,Unknown,Senior
494,0.0,3.0,male,21.0,8.05,S,0.0,A/,Mr,Unknown,Adult
495,0.0,3.0,male,28.1,14.458300000000001,C,0.0,Numeric,Mr,Unknown,Adult
496,1.0,1.0,female,54.0,78.2667,C,1.0,Numeric,Miss,C,Senior
497,0.0,3.0,male,31.8,15.100000000000001,S,0.0,C.A.,Mr,Unknown,Middle-aged
498,0.0,1.0,female,25.0,151.55,S,3.0,Numeric,Mrs,C,Adult
499,0.0,3.0,male,24.0,7.7958,S,0.0,Numeric,Mr,Unknown,Adult
500,0.0,3.0,male,17.0,8.662500000000001,S,0.0,Numeric,Mr,Unknown,Teen
501,0.0,3.0,female,21.0,7.75,Q,0.0,Numeric,Miss,Unknown,Adult
502,0.0,3.0,female,26.5,7.629200000000001,Q,0.0,Numeric,Miss,Unknown,Adult
503,0.0,3.0,female,37.0,9.587499999999999,S,0.0,Numeric,Miss,Unknown,Middle-aged
504,1.0,1.0,female,16.0,86.5,S,0.0,Numeric,Miss,B,Teen
505,0.0,1.0,male,18.0,108.9,C,1.0,PC,Mr,C,Teen
506,1.0,2.0,female,33.0,26.0,S,2.0,Numeric,Mrs,Unknown,Middle-aged
507,1.0,1.0,male,35.8,26.55,S,0.0,Numeric,Mr,Unknown,Middle-aged
508,0.0,3.0,male,28.0,22.525,S,0.0,C,Mr,Unknown,Adult
509,1.0,3.0,male,26.0,56.4958,S,0.0,Numeric,Mr,Unknown,Adult
510,1.0,3.0,male,29.0,7.75,Q,0.0,Numeric,Mr,Unknown,Adult
511,0.0,3.0,male,23.6,8.05,S,0.0,SOTON/OQ,Mr,Unknown,Adult
512,1.0,1.0,male,36.0,26.2875,S,0.0,PC,Mr,E,Middle-aged
513,1.0,1.0,female,54.0,59.39999999999999,C,1.0,PC,Mrs,Unknown,Senior
514,0.0,3.0,male,24.0,7.495799999999999,S,0.0,Numeric,Mr,Unknown,Adult
515,0.0,1.0,male,47.0,34.0208,S,0.0,Numeric,Mr,C,Middle-aged
516,1.0,2.0,female,34.0,10.5,S,0.0,C.A.,Mrs,F,Middle-aged
517,0.0,3.0,male,47.8,24.15,Q,0.0,Numeric,Mr,Unknown,Middle-aged
518,1.0,2.0,female,36.0,26.0,S,1.0,Numeric,Mrs,Unknown,Middle-aged
519,0.0,3.0,male,32.0,7.895800000000001,S,0.0,Numeric,Mr,Unknown,Middle-aged
520,1.0,1.0,female,30.0,93.5,S,0.0,Numeric,Miss,B,Adult
521,0.0,3.0,male,22.0,7.895800000000001,S,0.0,Numeric,Mr,Unknown,Adult
522,0.0,3.0,male,33.8,7.225000000000005,C,0.0,Numeric,Mr,Unknown,Middle-aged
523,1.0,1.0,female,44.0,57.9792,C,1.0,Numeric,Mrs,B,Middle-aged
524,0.0,3.0,male,25.8,7.229199999999999,C,0.0,Numeric,Mr,Unknown,Adult
525,0.0,3.0,male,40.5,7.75,Q,0.0,Numeric,Mr,Unknown,Middle-aged
526,1.0,2.0,female,50.0,10.5,S,0.0,W./C.,Miss,Unknown,Middle-aged
527,0.0,1.0,male,34.0,221.7792,S,0.0,PC,Mr,C,Middle-aged
528,0.0,3.0,male,39.0,7.925000000000001,S,0.0,Numeric,Mr,Unknown,Middle-aged
529,0.0,2.0,male,23.0,11.5,S,3.0,Numeric,Mr,Unknown,Adult
530,1.0,2.0,female,2.0,26.0,S,2.0,Numeric,Miss,Unknown,Child
531,0.0,3.0,male,25.8,7.229199999999999,C,0.0,Numeric,Mr,Unknown,Adult
532,0.0,3.0,male,17.0,7.229199999999999,C,2.0,Numeric,Mr,Unknown,Teen
533,1.0,3.0,female,22.0,22.3583,C,2.0,Numeric,Mrs,Unknown,Adult
534,0.0,3.0,female,30.0,8.662500000000001,S,0.0,Numeric,Miss,Unknown,Adult
535,1.0,2.0,female,7.0,26.25,S,2.0,F.C.C.,Miss,Unknown,Child
536,0.0,1.0,male,45.0,26.55,S,0.0,Numeric,Rare,B,Middle-aged
537,1.0,1.0,female,30.0,106.425,C,0.0,PC,Miss,Unknown,Adult
538,0.0,3.0,male,21.5,14.5,S,0.0,Numeric,Mr,Unknown,Adult
539,1.0,1.0,female,22.0,49.5,C,2.0,Numeric,Miss,B,Adult
540,1.0,1.0,female,36.0,71.0,S,2.0,WE/P,Miss,B,Middle-aged
541,0.0,3.0,female,9.0,31.275,S,6.0,Numeric,Miss,Unknown,Child
542,0.0,3.0,female,11.0,31.275,S,6.0,Numeric,Miss,Unknown,Teen
543,1.0,2.0,male,32.0,26.0,S,1.0,Numeric,Mr,Unknown,Middle-aged
544,0.0,1.0,male,50.0,106.425,C,1.0,PC,Mr,C,Middle-aged
545,0.0,1.0,male,64.0,26.0,S,0.0,Numeric,Mr,Unknown,Senior
546,1.0,2.0,female,19.0,26.0,S,1.0,Numeric,Mrs,Unknown,Adult
547,1.0,2.0,male,24.4,13.8625,C,0.0,SC/PARIS,Mr,Unknown,Adult
548,0.0,3.0,male,33.0,20.525,S,2.0,Numeric,Mr,Unknown,Middle-aged
549,1.0,2.0,male,8.0,36.75,S,2.0,C.A.,Master,Unknown,Child
550,1.0,1.0,male,17.0,110.8833,C,2.0,Numeric,Mr,C,Teen
551,0.0,2.0,male,27.0,26.0,S,0.0,Numeric,Mr,Unknown,Adult
552,0.0,3.0,male,47.8,7.8292,Q,0.0,Numeric,Mr,Unknown,Middle-aged
553,1.0,3.0,male,22.0,7.225000000000005,C,0.0,Numeric,Mr,Unknown,Adult
554,1.0,3.0,female,22.0,7.774999999999999,S,0.0,Numeric,Miss,Unknown,Adult
555,0.0,1.0,male,62.0,26.55,S,0.0,Numeric,Mr,Unknown,Senior
556,1.0,1.0,female,48.0,39.6,C,1.0,Numeric,Rare,A,Middle-aged
557,0.0,1.0,male,28.6,227.52499999999998,C,0.0,PC,Mr,Unknown,Adult
558,1.0,1.0,female,39.0,79.65,S,2.0,Numeric,Mrs,E,Middle-aged
559,1.0,3.0,female,36.0,17.4,S,1.0,Numeric,Mrs,Unknown,Middle-aged
560,0.0,3.0,male,47.8,7.75,Q,0.0,Numeric,Mr,Unknown,Middle-aged
561,0.0,3.0,male,40.0,7.895800000000001,S,0.0,Numeric,Mr,Unknown,Middle-aged
562,0.0,2.0,male,28.0,13.5,S,0.0,Numeric,Mr,Unknown,Adult
563,0.0,3.0,male,23.6,8.05,S,0.0,SOTON/OQ,Mr,Unknown,Adult
564,0.0,3.0,female,23.6,8.05,S,0.0,SOTON/O.Q.,Miss,Unknown,Adult
565,0.0,3.0,male,24.0,24.15,S,2.0,A/,Mr,Unknown,Adult
566,0.0,3.0,male,19.0,7.895800000000001,S,0.0,Numeric,Mr,Unknown,Adult
567,0.0,3.0,female,29.0,21.075,S,4.0,Numeric,Mrs,Unknown,Adult
568,0.0,3.0,male,25.8,7.229199999999999,C,0.0,Numeric,Mr,Unknown,Adult
569,1.0,3.0,male,32.0,7.854199999999999,S,0.0,Numeric,Mr,Unknown,Middle-aged
570,1.0,2.0,male,62.0,10.5,S,0.0,S.W./PP,Mr,Unknown,Senior
571,1.0,1.0,female,53.0,51.4792,S,2.0,Numeric,Mrs,C,Senior
572,1.0,1.0,male,36.0,26.3875,S,0.0,PC,Mr,E,Middle-aged
573,1.0,3.0,female,17.6,7.75,Q,0.0,Numeric,Miss,Unknown,Teen
574,0.0,3.0,male,16.0,8.05,S,0.0,A/.,Mr,Unknown,Teen
575,0.0,3.0,male,19.0,14.5,S,0.0,Numeric,Mr,Unknown,Adult
576,1.0,2.0,female,34.0,13.0,S,0.0,Numeric,Miss,Unknown,Middle-aged
577,1.0,1.0,female,39.0,55.9,S,1.0,Numeric,Mrs,E,Middle-aged
578,0.0,3.0,female,29.8,14.458300000000001,C,1.0,Numeric,Mrs,Unknown,Adult
579,1.0,3.0,male,32.0,7.925000000000001,S,0.0,STON/O .,Mr,Unknown,Middle-aged
580,1.0,2.0,female,25.0,30.0,S,2.0,Numeric,Miss,Unknown,Adult
581,1.0,1.0,female,39.0,110.8833,C,2.0,Numeric,Mrs,C,Middle-aged
582,0.0,2.0,male,54.0,26.0,S,0.0,Numeric,Mr,Unknown,Senior
583,0.0,1.0,male,36.0,40.125,C,0.0,Numeric,Mr,A,Middle-aged
584,0.0,3.0,male,30.3,8.712499999999999,C,0.0,Numeric,Mr,Unknown,Middle-aged
585,1.0,1.0,female,18.0,79.65,S,2.0,Numeric,Miss,E,Teen
586,0.0,2.0,male,47.0,15.0,S,0.0,Numeric,Mr,Unknown,Middle-aged
587,1.0,1.0,male,60.0,79.2,C,2.0,Numeric,Mr,B,Senior
588,0.0,3.0,male,22.0,8.05,S,0.0,Numeric,Mr,Unknown,Adult
589,0.0,3.0,male,35.5,8.05,S,0.0,A./.,Mr,Unknown,Middle-aged
590,0.0,3.0,male,35.0,7.125,S,0.0,STON/O .,Mr,Unknown,Middle-aged
591,1.0,1.0,female,52.0,78.2667,C,1.0,Numeric,Mrs,C,Senior
592,0.0,3.0,male,47.0,7.25,S,0.0,A/,Mr,Unknown,Middle-aged
593,0.0,3.0,female,19.3,7.75,Q,2.0,Numeric,Miss,Unknown,Adult
594,0.0,2.0,male,37.0,26.0,S,1.0,SC/AH,Mr,Unknown,Middle-aged
595,0.0,3.0,male,36.0,24.15,S,2.0,Numeric,Mr,Unknown,Middle-aged
596,1.0,2.0,female,30.2,33.0,S,0.0,Numeric,Miss,Unknown,Middle-aged
597,0.0,3.0,male,49.0,0.0,S,0.0,LINE,Mr,Unknown,Middle-aged
598,0.0,3.0,male,33.8,7.225000000000005,C,0.0,Numeric,Mr,Unknown,Middle-aged
599,1.0,1.0,male,49.0,56.9292,C,1.0,PC,Rare,A,Middle-aged
600,1.0,2.0,female,24.0,27.0,S,3.0,Numeric,Mrs,Unknown,Adult
601,0.0,3.0,male,29.0,7.895800000000001,S,0.0,Numeric,Mr,Unknown,Adult
602,0.0,1.0,male,51.0,42.4,S,0.0,Numeric,Mr,Unknown,Senior
603,0.0,3.0,male,44.0,8.05,S,0.0,Numeric,Mr,Unknown,Middle-aged
604,1.0,1.0,male,35.0,26.55,C,0.0,Numeric,Mr,Unknown,Middle-aged
605,0.0,3.0,male,36.0,15.55,S,1.0,Numeric,Mr,Unknown,Middle-aged
606,0.0,3.0,male,30.0,7.895800000000001,S,0.0,Numeric,Mr,Unknown,Adult
607,1.0,1.0,male,27.0,30.5,S,0.0,Numeric,Mr,Unknown,Adult
608,1.0,2.0,female,22.0,41.5792,C,3.0,SC/Paris,Mrs,Unknown,Adult
609,1.0,1.0,female,40.0,153.46250000000003,S,0.0,PC,Miss,C,Middle-aged
610,0.0,3.0,female,39.0,31.275,S,6.0,Numeric,Mrs,Unknown,Middle-aged
611,0.0,3.0,male,28.4,7.050000000000001,S,0.0,SOTON/O.Q.,Mr,Unknown,Adult
612,1.0,3.0,female,17.6,15.5,Q,1.0,Numeric,Miss,Unknown,Teen
613,0.0,3.0,male,47.8,7.75,Q,0.0,Numeric,Mr,Unknown,Middle-aged
614,0.0,3.0,male,35.0,8.05,S,0.0,Numeric,Mr,Unknown,Middle-aged
615,1.0,2.0,female,24.0,65.0,S,3.0,Numeric,Miss,Unknown,Adult
616,0.0,3.0,male,34.0,14.399999999999999,S,2.0,Numeric,Mr,Unknown,Middle-aged
617,0.0,3.0,female,26.0,16.1,S,1.0,A/.,Mrs,Unknown,Adult
618,1.0,2.0,female,4.0,39.0,S,3.0,Numeric,Miss,F,Child
619,0.0,2.0,male,26.0,10.5,S,0.0,Numeric,Mr,Unknown,Adult
620,0.0,3.0,male,27.0,14.4542,C,1.0,Numeric,Mr,Unknown,Adult
621,1.0,1.0,male,42.0,52.5542,S,1.0,Numeric,Mr,C,Middle-aged
622,1.0,3.0,male,20.0,15.741700000000002,C,2.0,Numeric,Mr,Unknown,Adult
623,0.0,3.0,male,21.0,7.854199999999999,S,0.0,Numeric,Mr,Unknown,Adult
624,0.0,3.0,male,21.0,16.1,S,0.0,Numeric,Mr,Unknown,Adult
625,0.0,1.0,male,61.0,32.3208,S,0.0,Numeric,Mr,C,Senior
626,0.0,2.0,male,57.0,12.350000000000001,Q,0.0,Numeric,Rare,Unknown,Senior
627,1.0,1.0,female,21.0,77.9583,S,0.0,Numeric,Miss,C,Adult
628,0.0,3.0,male,26.0,7.895800000000001,S,0.0,Numeric,Mr,Unknown,Adult
629,0.0,3.0,male,38.7,7.7333,Q,0.0,Numeric,Mr,Unknown,Middle-aged
630,1.0,1.0,male,80.0,30.0,S,0.0,Numeric,Mr,A,Senior
631,0.0,3.0,male,51.0,7.054199999999998,S,0.0,Numeric,Mr,Unknown,Senior
632,1.0,1.0,male,32.0,30.5,C,0.0,Numeric,Rare,B,Middle-aged
633,0.0,1.0,male,51.0,0.0,S,0.0,Numeric,Mr,Unknown,Senior
634,0.0,3.0,female,9.0,27.9,S,5.0,Numeric,Miss,Unknown,Child
635,1.0,2.0,female,28.0,13.0,S,0.0,Numeric,Miss,Unknown,Adult
636,0.0,3.0,male,32.0,7.925000000000001,S,0.0,STON/O .,Mr,Unknown,Middle-aged
637,0.0,2.0,male,31.0,26.25,S,2.0,C.A.,Mr,Unknown,Middle-aged
638,0.0,3.0,female,41.0,39.6875,S,5.0,Numeric,Mrs,Unknown,Middle-aged
639,0.0,3.0,male,32.2,16.1,S,1.0,Numeric,Mr,Unknown,Middle-aged
640,0.0,3.0,male,20.0,7.854199999999999,S,0.0,Numeric,Mr,Unknown,Adult
641,1.0,1.0,female,24.0,69.3,C,0.0,PC,Miss,B,Adult
642,0.0,3.0,female,2.0,27.9,S,5.0,Numeric,Miss,Unknown,Child
643,1.0,3.0,male,29.8,56.4958,S,0.0,Numeric,Mr,Unknown,Adult
644,1.0,3.0,female,0.75,19.2583,C,3.0,Numeric,Miss,Unknown,Child
645,1.0,1.0,male,48.0,76.7292,C,1.0,PC,Mr,C,Middle-aged
646,0.0,3.0,male,19.0,7.895800000000001,S,0.0,Numeric,Mr,Unknown,Adult
647,1.0,1.0,male,56.0,35.5,C,0.0,Numeric,Rare,A,Senior
648,0.0,3.0,male,24.599999999999998,7.550000000000001,S,0.0,S.O./P.P.,Mr,Unknown,Adult
649,1.0,3.0,female,23.0,7.550000000000001,S,0.0,CA.,Miss,Unknown,Adult
650,0.0,3.0,male,29.0,7.895800000000001,S,0.0,Numeric,Mr,Unknown,Adult
651,1.0,2.0,female,18.0,23.0,S,1.0,Numeric,Miss,Unknown,Teen
652,0.0,3.0,male,21.0,8.4333,S,0.0,Numeric,Mr,Unknown,Adult
653,1.0,3.0,female,17.6,7.8292,Q,0.0,Numeric,Miss,Unknown,Teen
654,0.0,3.0,female,18.0,6.7499999999999964,Q,0.0,Numeric,Miss,Unknown,Teen
655,0.0,2.0,male,24.0,73.5,S,2.0,S.O.C.,Mr,Unknown,Adult
656,0.0,3.0,male,29.0,7.895800000000001,S,0.0,Numeric,Mr,Unknown,Adult
657,0.0,3.0,female,32.0,15.5,Q,2.0,Numeric,Mrs,Unknown,Middle-aged
658,0.0,2.0,male,23.0,13.0,S,0.0,Numeric,Mr,Unknown,Adult
659,0.0,1.0,male,58.0,113.275,C,2.0,Numeric,Mr,C,Senior
660,1.0,1.0,male,50.0,133.65,S,2.0,PC,Rare,Unknown,Middle-aged
661,0.0,3.0,male,40.0,7.225000000000005,C,0.0,Numeric,Mr,Unknown,Middle-aged
662,0.0,1.0,male,47.0,25.5875,S,0.0,Numeric,Mr,E,Middle-aged
663,0.0,3.0,male,36.0,7.495799999999999,S,0.0,Numeric,Mr,Unknown,Middle-aged
664,1.0,3.0,male,20.0,7.925000000000001,S,1.0,STON/O .,Mr,Unknown,Adult
665,0.0,2.0,male,32.0,73.5,S,2.0,S.O.C.,Mr,Unknown,Middle-aged
666,0.0,2.0,male,25.0,13.0,S,0.0,Numeric,Mr,Unknown,Adult
667,0.0,3.0,male,27.4,7.774999999999999,S,0.0,Numeric,Mr,Unknown,Adult
668,0.0,3.0,male,43.0,8.05,S,0.0,A/,Mr,Unknown,Middle-aged
669,1.0,1.0,female,32.4,52.0,S,1.0,Numeric,Mrs,C,Middle-aged
670,1.0,2.0,female,40.0,39.0,S,2.0,Numeric,Mrs,Unknown,Middle-aged
671,0.0,1.0,male,31.0,52.0,S,1.0,F.C.,Mr,B,Middle-aged
672,0.0,2.0,male,70.0,10.5,S,0.0,C.A.,Mr,Unknown,Senior
673,1.0,2.0,male,31.0,13.0,S,0.0,Numeric,Mr,Unknown,Middle-aged
674,0.0,2.0,male,23.2,0.0,S,0.0,Numeric,Mr,Unknown,Adult
675,0.0,3.0,male,18.0,7.774999999999999,S,0.0,Numeric,Mr,Unknown,Teen
676,0.0,3.0,male,24.5,8.05,S,0.0,Numeric,Mr,Unknown,Adult
677,1.0,3.0,female,18.0,9.8417,S,0.0,Numeric,Miss,Unknown,Teen
678,0.0,3.0,female,43.0,46.9,S,7.0,CA,Mrs,Unknown,Middle-aged
679,1.0,1.0,male,36.0,512.3292,C,1.0,PC,Mr,B,Middle-aged
680,0.0,3.0,female,25.7,8.1375,Q,0.0,Numeric,Miss,Unknown,Adult
681,1.0,1.0,male,27.0,76.7292,C,0.0,PC,Mr,C,Adult
682,0.0,3.0,male,20.0,9.225000000000001,S,0.0,Numeric,Mr,Unknown,Adult
683,0.0,3.0,male,14.000000000000002,46.9,S,7.0,CA,Mr,Unknown,Teen
684,0.0,2.0,male,60.0,39.0,S,2.0,Numeric,Mr,Unknown,Senior
685,0.0,2.0,male,25.0,41.5792,C,3.0,SC/Paris,Mr,Unknown,Adult
686,0.0,3.0,male,14.000000000000002,39.6875,S,5.0,Numeric,Mr,Unknown,Teen
687,0.0,3.0,male,19.0,10.1708,S,0.0,Numeric,Mr,Unknown,Adult
688,0.0,3.0,male,18.0,7.7958,S,0.0,Numeric,Mr,Unknown,Teen
689,1.0,1.0,female,15.0,211.33749999999998,S,1.0,Numeric,Miss,B,Teen
690,1.0,1.0,male,31.0,57.0,S,1.0,Numeric,Mr,B,Middle-aged
691,1.0,3.0,female,4.0,13.416699999999999,C,1.0,Numeric,Miss,Unknown,Child
692,1.0,3.0,male,29.8,56.4958,S,0.0,Numeric,Mr,Unknown,Adult
693,0.0,3.0,male,25.0,7.225000000000005,C,0.0,Numeric,Mr,Unknown,Adult
694,0.0,1.0,male,60.0,26.55,S,0.0,Numeric,Rare,Unknown,Senior
695,0.0,2.0,male,52.0,13.5,S,0.0,Numeric,Mr,Unknown,Senior
696,0.0,3.0,male,44.0,8.05,S,0.0,Numeric,Mr,Unknown,Middle-aged
697,1.0,3.0,female,17.6,7.7333,Q,0.0,Numeric,Miss,Unknown,Teen
698,0.0,1.0,male,49.0,110.8833,C,2.0,Numeric,Mr,C,Middle-aged
699,0.0,3.0,male,42.0,7.649999999999999,S,0.0,Numeric,Mr,F,Middle-aged
700,1.0,1.0,female,18.0,227.52499999999998,C,1.0,PC,Mrs,C,Teen
701,1.0,1.0,male,35.0,26.2875,S,0.0,PC,Mr,E,Middle-aged
702,0.0,3.0,female,18.0,14.4542,C,1.0,Numeric,Miss,Unknown,Teen
703,0.0,3.0,male,25.0,7.741700000000002,Q,0.0,Numeric,Mr,Unknown,Adult
704,0.0,3.0,male,26.0,7.854199999999999,S,1.0,Numeric,Mr,Unknown,Adult
705,0.0,2.0,male,39.0,26.0,S,0.0,Numeric,Mr,Unknown,Middle-aged
706,1.0,2.0,female,45.0,13.5,S,0.0,Numeric,Mrs,Unknown,Middle-aged
707,1.0,1.0,male,42.0,26.2875,S,0.0,PC,Mr,E,Middle-aged
708,1.0,1.0,female,22.0,151.55,S,0.0,Numeric,Miss,Unknown,Adult
709,1.0,3.0,male,3.6839999999999975,15.2458,C,2.0,Numeric,Master,Unknown,Child
710,1.0,1.0,female,24.0,49.5042,C,0.0,PC,Miss,C,Adult
711,0.0,1.0,male,50.5,26.55,S,0.0,Numeric,Mr,C,Senior
712,1.0,1.0,male,48.0,52.0,S,1.0,Numeric,Mr,C,Middle-aged
713,0.0,3.0,male,29.0,9.4833,S,0.0,Numeric,Mr,Unknown,Adult
714,0.0,2.0,male,52.0,13.0,S,0.0,Numeric,Mr,Unknown,Senior
715,0.0,3.0,male,19.0,7.649999999999999,S,0.0,Numeric,Mr,F,Adult
716,1.0,1.0,female,38.0,227.52499999999998,C,0.0,PC,Miss,C,Middle-aged
717,1.0,2.0,female,27.0,10.5,S,0.0,Numeric,Miss,E,Adult
718,0.0,3.0,male,47.8,15.5,Q,0.0,Numeric,Mr,Unknown,Middle-aged
719,0.0,3.0,male,33.0,7.774999999999999,S,0.0,Numeric,Mr,Unknown,Middle-aged
720,1.0,2.0,female,6.0,33.0,S,1.0,Numeric,Miss,Unknown,Child
721,0.0,3.0,male,17.0,7.054199999999998,S,1.0,Numeric,Mr,Unknown,Teen
722,0.0,2.0,male,34.0,13.0,S,0.0,Numeric,Mr,Unknown,Middle-aged
723,0.0,2.0,male,50.0,13.0,S,0.0,Numeric,Mr,Unknown,Middle-aged
724,1.0,1.0,male,27.0,53.1,S,1.0,Numeric,Mr,E,Adult
725,0.0,3.0,male,20.0,8.662500000000001,S,0.0,Numeric,Mr,Unknown,Adult
726,1.0,2.0,female,30.0,21.0,S,3.0,Numeric,Mrs,Unknown,Adult
727,1.0,3.0,female,17.6,7.737500000000001,Q,0.0,Numeric,Miss,Unknown,Teen
728,0.0,2.0,male,25.0,26.0,S,1.0,Numeric,Mr,Unknown,Adult
729,0.0,3.0,female,25.0,7.925000000000001,S,1.0,STON/O.,Miss,Unknown,Adult
730,1.0,1.0,female,29.0,211.33749999999998,S,0.0,Numeric,Miss,B,Adult
731,0.0,3.0,male,11.0,18.7875,C,0.0,Numeric,Mr,Unknown,Teen
732,0.0,2.0,male,23.2,0.0,S,0.0,Numeric,Mr,Unknown,Adult
733,0.0,2.0,male,23.0,13.0,S,0.0,Numeric,Mr,Unknown,Adult
734,0.0,2.0,male,23.0,13.0,S,0.0,Numeric,Mr,Unknown,Adult
735,0.0,3.0,male,28.5,16.1,S,0.0,Numeric,Mr,Unknown,Adult
736,0.0,3.0,female,48.0,34.375,S,4.0,W./C.,Mrs,Unknown,Middle-aged
737,1.0,1.0,male,35.0,512.3292,C,0.0,PC,Mr,B,Middle-aged
738,0.0,3.0,male,29.0,7.895800000000001,S,0.0,Numeric,Mr,Unknown,Adult
739,0.0,3.0,male,29.0,7.895800000000001,S,0.0,Numeric,Mr,Unknown,Adult
740,1.0,1.0,male,41.0,30.0,S,0.0,Numeric,Mr,C,Middle-aged
741,0.0,1.0,male,36.0,78.85,S,1.0,Numeric,Mr,C,Middle-aged
742,1.0,1.0,female,21.0,262.375,C,4.0,PC,Miss,B,Adult
743,0.0,3.0,male,24.0,16.1,S,1.0,Numeric,Mr,Unknown,Adult
744,1.0,3.0,male,31.0,7.925000000000001,S,0.0,STON/O .,Mr,Unknown,Middle-aged
745,0.0,1.0,male,70.0,71.0,S,2.0,WE/P,Rare,B,Senior
746,0.0,3.0,male,16.0,20.25,S,2.0,C.A.,Mr,Unknown,Teen
747,1.0,2.0,female,30.0,13.0,S,0.0,Numeric,Miss,Unknown,Adult
748,0.0,1.0,male,19.0,53.1,S,1.0,Numeric,Mr,C,Adult
749,0.0,3.0,male,31.0,7.75,Q,0.0,Numeric,Mr,Unknown,Middle-aged
750,1.0,2.0,female,4.0,23.0,S,2.0,Numeric,Miss,Unknown,Child
751,1.0,3.0,male,6.0,12.475000000000001,S,1.0,Numeric,Master,E,Child
752,0.0,3.0,male,33.0,9.5,S,0.0,Numeric,Mr,Unknown,Middle-aged
753,0.0,3.0,male,23.0,7.895800000000001,S,0.0,Numeric,Mr,Unknown,Adult
754,1.0,2.0,female,48.0,65.0,S,3.0,Numeric,Mrs,Unknown,Middle-aged
755,1.0,2.0,male,0.6700000000000017,14.5,S,2.0,Numeric,Master,Unknown,Child
756,0.0,3.0,male,28.0,7.7958,S,0.0,Numeric,Mr,Unknown,Adult
757,0.0,2.0,male,18.0,11.5,S,0.0,Numeric,Mr,Unknown,Teen
758,0.0,3.0,male,34.0,8.05,S,0.0,Numeric,Mr,Unknown,Middle-aged
759,1.0,1.0,female,33.0,86.5,S,0.0,Numeric,the Countess,B,Middle-aged
760,0.0,3.0,male,21.5,14.5,S,0.0,Numeric,Mr,Unknown,Adult
761,0.0,3.0,male,41.0,7.125,S,0.0,SOTON/O,Mr,Unknown,Middle-aged
762,1.0,3.0,male,20.0,7.229199999999999,C,0.0,Numeric,Mr,Unknown,Adult
763,1.0,1.0,female,36.0,120.0,S,3.0,Numeric,Mrs,B,Middle-aged
764,0.0,3.0,male,16.0,7.774999999999999,S,0.0,Numeric,Mr,Unknown,Teen
765,1.0,1.0,female,51.0,77.9583,S,1.0,Numeric,Mrs,C,Senior
766,0.0,1.0,male,53.2,39.6,C,0.0,Numeric,Rare,Unknown,Senior
767,0.0,3.0,female,30.5,7.75,Q,0.0,Numeric,Miss,Unknown,Middle-aged
768,0.0,3.0,male,41.7,24.15,Q,1.0,Numeric,Mr,Unknown,Middle-aged
769,0.0,3.0,male,32.0,8.3625,S,0.0,Numeric,Mr,Unknown,Middle-aged
770,0.0,3.0,male,24.0,9.5,S,0.0,Numeric,Mr,Unknown,Adult
771,0.0,3.0,male,48.0,7.854199999999999,S,0.0,Numeric,Mr,Unknown,Middle-aged
772,0.0,2.0,female,57.0,10.5,S,0.0,S.O./P.P.,Mrs,E,Senior
773,0.0,3.0,male,33.8,7.225000000000005,C,0.0,Numeric,Mr,Unknown,Middle-aged
774,1.0,2.0,female,54.0,23.0,S,4.0,Numeric,Mrs,Unknown,Senior
775,0.0,3.0,male,18.0,7.75,S,0.0,Numeric,Mr,Unknown,Teen
776,0.0,3.0,male,47.8,7.75,Q,0.0,Numeric,Mr,F,Middle-aged
777,1.0,3.0,female,5.0,12.475000000000001,S,0.0,Numeric,Miss,Unknown,Child
778,0.0,3.0,male,38.7,7.737500000000001,Q,0.0,Numeric,Mr,Unknown,Middle-aged
779,1.0,1.0,female,43.0,211.33749999999998,S,1.0,Numeric,Mrs,B,Middle-aged
780,1.0,3.0,female,13.0,7.229199999999999,C,0.0,Numeric,Miss,Unknown,Teen
781,1.0,1.0,female,17.0,57.0,S,1.0,Numeric,Mrs,B,Teen
782,0.0,1.0,male,29.0,30.0,S,0.0,Numeric,Mr,C,Adult
783,0.0,3.0,male,23.6,23.45,S,3.0,W./C.,Mr,Unknown,Adult
784,0.0,3.0,male,25.0,7.050000000000001,S,0.0,SOTON/O.Q.,Mr,Unknown,Adult
785,0.0,3.0,male,25.0,7.25,S,0.0,Numeric,Mr,Unknown,Adult
786,1.0,3.0,female,18.0,7.495799999999999,S,0.0,Numeric,Miss,Unknown,Teen
787,0.0,3.0,male,8.0,29.125,Q,5.0,Numeric,Master,Unknown,Child
788,1.0,3.0,male,1.0,20.575,S,3.0,C.A.,Master,Unknown,Child
789,0.0,1.0,male,46.0,79.2,C,0.0,PC,Mr,B,Middle-aged
790,0.0,3.0,male,47.8,7.75,Q,0.0,Numeric,Mr,Unknown,Middle-aged
791,0.0,2.0,male,16.0,26.0,S,0.0,Numeric,Mr,Unknown,Teen
792,0.0,3.0,female,8.8,69.55,S,10.0,CA.,Miss,Unknown,Child
793,0.0,1.0,male,42.5,30.6958,C,0.0,PC,Mr,Unknown,Middle-aged
794,0.0,3.0,male,25.0,7.895800000000001,S,0.0,Numeric,Mr,Unknown,Adult
795,0.0,2.0,male,39.0,13.0,S,0.0,Numeric,Mr,Unknown,Middle-aged
796,1.0,1.0,female,49.0,25.9292,S,0.0,Numeric,Rare,C,Middle-aged
797,1.0,3.0,female,31.0,8.6833,S,0.0,Numeric,Mrs,Unknown,Middle-aged
798,0.0,3.0,male,30.0,7.229199999999999,C,0.0,Numeric,Mr,Unknown,Adult
799,0.0,3.0,female,30.0,24.15,S,2.0,Numeric,Mrs,Unknown,Adult
800,0.0,2.0,male,34.0,13.0,S,0.0,Numeric,Mr,Unknown,Middle-aged
801,1.0,2.0,female,31.0,26.25,S,2.0,C.A.,Mrs,Unknown,Middle-aged
802,1.0,1.0,male,11.0,120.0,S,3.0,Numeric,Master,B,Teen
803,1.0,3.0,male,0.4200000000000017,8.5167,C,1.0,Numeric,Master,Unknown,Child
804,1.0,3.0,male,27.0,6.975000000000001,S,0.0,Numeric,Mr,Unknown,Adult
805,0.0,3.0,male,31.0,7.774999999999999,S,0.0,Numeric,Mr,Unknown,Middle-aged
806,0.0,1.0,male,39.0,0.0,S,0.0,Numeric,Mr,A,Middle-aged
807,0.0,3.0,female,18.0,7.774999999999999,S,0.0,Numeric,Miss,Unknown,Teen
808,0.0,2.0,male,39.0,13.0,S,0.0,Numeric,Mr,Unknown,Middle-aged
809,1.0,1.0,female,33.0,53.1,S,1.0,Numeric,Mrs,E,Middle-aged
810,0.0,3.0,male,26.0,7.887499999999999,S,0.0,Numeric,Mr,Unknown,Adult
811,0.0,3.0,male,39.0,24.15,S,0.0,A/,Mr,Unknown,Middle-aged
812,0.0,2.0,male,35.0,10.5,S,0.0,Numeric,Mr,Unknown,Middle-aged
813,0.0,3.0,female,6.0,31.275,S,6.0,Numeric,Miss,Unknown,Child
814,0.0,3.0,male,30.5,8.05,S,0.0,Numeric,Mr,Unknown,Middle-aged
815,0.0,1.0,male,47.0,0.0,S,0.0,Numeric,Mr,B,Middle-aged
816,0.0,3.0,female,23.0,7.925000000000001,S,0.0,STON/O.,Miss,Unknown,Adult
817,0.0,2.0,male,31.0,37.0042,C,2.0,S.C./PARIS,Mr,Unknown,Middle-aged
818,0.0,3.0,male,43.0,6.449999999999999,S,0.0,C,Mr,Unknown,Middle-aged
819,0.0,3.0,male,10.0,27.9,S,5.0,Numeric,Master,Unknown,Child
820,1.0,1.0,female,52.0,93.5,S,2.0,Numeric,Mrs,B,Senior
821,1.0,3.0,male,27.0,8.662500000000001,S,0.0,Numeric,Mr,Unknown,Adult
822,0.0,1.0,male,38.0,0.0,S,0.0,Numeric,Rare,Unknown,Middle-aged
823,1.0,3.0,female,27.0,12.475000000000001,S,1.0,Numeric,Mrs,E,Adult
824,0.0,3.0,male,2.0,39.6875,S,5.0,Numeric,Master,Unknown,Child
825,0.0,3.0,male,29.5,6.949999999999996,Q,0.0,Numeric,Mr,Unknown,Adult
826,0.0,3.0,male,23.1,56.4958,S,0.0,Numeric,Mr,Unknown,Adult
827,1.0,2.0,male,1.0,37.0042,C,2.0,S.C./PARIS,Master,Unknown,Child
828,1.0,3.0,male,27.6,7.75,Q,0.0,Numeric,Mr,Unknown,Adult
829,1.0,1.0,female,62.0,80.0,S,0.0,Numeric,Mrs,B,Senior
830,1.0,3.0,female,15.0,14.4542,C,1.0,Numeric,Mrs,Unknown,Teen
831,1.0,2.0,male,0.8299999999999983,18.75,S,2.0,Numeric,Master,Unknown,Child
832,0.0,3.0,male,25.8,7.229199999999999,C,0.0,Numeric,Mr,Unknown,Adult
833,0.0,3.0,male,23.0,7.854199999999999,S,0.0,Numeric,Mr,Unknown,Adult
834,0.0,3.0,male,18.0,8.3,S,0.0,Numeric,Mr,Unknown,Teen
835,1.0,1.0,female,39.0,83.1583,C,2.0,PC,Miss,E,Middle-aged
836,0.0,3.0,male,21.0,8.662500000000001,S,0.0,Numeric,Mr,Unknown,Adult
837,0.0,3.0,male,38.0,8.05,S,0.0,Numeric,Mr,Unknown,Middle-aged
838,1.0,3.0,male,32.0,56.4958,S,0.0,Numeric,Mr,Unknown,Middle-aged
839,1.0,1.0,male,28.2,29.7,C,0.0,Numeric,Mr,C,Adult
840,0.0,3.0,male,20.0,7.925000000000001,S,0.0,SOTON/O,Mr,Unknown,Adult
841,0.0,2.0,male,16.0,10.5,S,0.0,S.O./P.P.,Mr,Unknown,Teen
842,1.0,1.0,female,30.0,31.0,C,0.0,Numeric,Miss,Unknown,Adult
843,0.0,3.0,male,34.5,6.4375,C,0.0,Numeric,Mr,Unknown,Middle-aged
844,0.0,3.0,male,17.0,8.662500000000001,S,0.0,Numeric,Mr,Unknown,Teen
845,0.0,3.0,male,42.0,7.550000000000001,S,0.0,C.A.,Mr,Unknown,Middle-aged
846,0.0,3.0,male,22.6,69.55,S,10.0,CA.,Mr,Unknown,Adult
847,0.0,3.0,male,35.0,7.895800000000001,C,0.0,Numeric,Mr,Unknown,Middle-aged
848,0.0,2.0,male,28.0,33.0,S,1.0,Numeric,Rare,Unknown,Adult
849,1.0,1.0,female,45.0,89.1042,C,1.0,Numeric,Mrs,C,Middle-aged
850,0.0,3.0,male,4.0,31.275,S,6.0,Numeric,Master,Unknown,Child
851,0.0,3.0,male,74.0,7.774999999999999,S,0.0,Numeric,Mr,Unknown,Senior
852,0.0,3.0,female,9.0,15.2458,C,2.0,Numeric,Miss,Unknown,Child
853,1.0,1.0,female,16.0,39.4,S,1.0,PC,Miss,C,Teen
854,0.0,2.0,female,44.0,26.0,S,1.0,Numeric,Mrs,Unknown,Middle-aged
855,1.0,3.0,female,18.0,9.350000000000001,S,1.0,Numeric,Mrs,Unknown,Teen
856,1.0,1.0,female,45.0,164.86669999999998,S,2.0,Numeric,Mrs,Unknown,Middle-aged
857,1.0,1.0,male,51.0,26.55,S,0.0,Numeric,Mr,E,Senior
858,1.0,3.0,female,24.0,19.2583,C,3.0,Numeric,Mrs,Unknown,Adult
859,0.0,3.0,male,25.8,7.229199999999999,C,0.0,Numeric,Mr,Unknown,Adult
860,0.0,3.0,male,41.0,14.1083,S,2.0,Numeric,Mr,Unknown,Middle-aged
861,0.0,2.0,male,21.0,11.5,S,1.0,Numeric,Mr,Unknown,Adult
862,1.0,1.0,female,48.0,25.9292,S,0.0,Numeric,Mrs,C,Middle-aged
863,0.0,3.0,female,8.8,69.55,S,10.0,CA.,Miss,Unknown,Child
864,0.0,2.0,male,24.0,13.0,S,0.0,Numeric,Mr,Unknown,Adult
865,1.0,2.0,female,42.0,13.0,S,0.0,Numeric,Mrs,Unknown,Middle-aged
866,1.0,2.0,female,27.0,13.8583,C,1.0,SC/PARIS,Miss,Unknown,Adult
867,0.0,1.0,male,31.0,50.4958,S,0.0,PC,Mr,A,Middle-aged
868,0.0,3.0,male,26.6,9.5,S,0.0,Numeric,Mr,Unknown,Adult
869,1.0,3.0,male,4.0,11.133299999999998,S,2.0,Numeric,Master,Unknown,Child
870,0.0,3.0,male,26.0,7.895800000000001,S,0.0,Numeric,Mr,Unknown,Adult
871,1.0,1.0,female,47.0,52.5542,S,2.0,Numeric,Mrs,C,Middle-aged
872,0.0,1.0,male,33.0,5.0,S,0.0,Numeric,Mr,B,Middle-aged
873,0.0,3.0,male,47.0,9.0,S,0.0,Numeric,Mr,Unknown,Middle-aged
874,1.0,2.0,female,28.0,24.0,C,1.0,P/PP,Mrs,Unknown,Adult
875,1.0,3.0,female,15.0,7.225000000000005,C,0.0,Numeric,Miss,Unknown,Teen
876,0.0,3.0,male,20.0,9.8458,S,0.0,Numeric,Mr,Unknown,Adult
877,0.0,3.0,male,19.0,7.895800000000001,S,0.0,Numeric,Mr,Unknown,Adult
878,0.0,3.0,male,29.0,7.895800000000001,S,0.0,Numeric,Mr,Unknown,Adult
879,1.0,1.0,female,56.0,83.1583,C,1.0,Numeric,Mrs,C,Senior
880,1.0,2.0,female,25.0,26.0,S,1.0,Numeric,Mrs,Unknown,Adult
881,0.0,3.0,male,33.0,7.895800000000001,S,0.0,Numeric,Mr,Unknown,Middle-aged
882,0.0,3.0,female,22.0,10.5167,S,0.0,Numeric,Miss,Unknown,Adult
883,0.0,2.0,male,28.0,10.5,S,0.0,C.A./SOTON,Mr,Unknown,Adult
884,0.0,3.0,male,25.0,7.050000000000001,S,0.0,SOTON/OQ,Mr,Unknown,Adult
885,0.0,3.0,female,39.0,29.125,Q,5.0,Numeric,Mrs,Unknown,Middle-aged
886,0.0,2.0,male,27.0,13.0,S,0.0,Numeric,Rare,Unknown,Adult
887,1.0,1.0,female,19.0,30.0,S,0.0,Numeric,Miss,B,Adult
888,0.0,3.0,female,18.799999999999997,23.45,S,3.0,W./C.,Miss,Unknown,Adult
889,1.0,1.0,male,26.0,30.0,C,0.0,Numeric,Mr,C,Adult
890,0.0,3.0,male,32.0,7.75,Q,0.0,Numeric,Mr,Unknown,Middle-aged
